"Path","Platform","Compiled","Cooked","Permutations","Compiletime","CompiledDouble","CookedDouble"
"/Game/Geometry/Meshes/CubeMaterial.CubeMaterial","0","0","21","1","0.000000","0","0"
"/Engine/EngineMaterials/PhAT_JointLimitMaterial.PhAT_JointLimitMaterial","0","0","16","1","0.000000","0","0"
"/Engine/EngineMaterials/GizmoMaterial.GizmoMaterial","0","0","8","1","0.000000","0","0"
"/Engine/EngineMaterials/M_InvalidLightmapSettings.M_InvalidLightmapSettings","0","0","24","1","0.000000","0","0"
"/Engine/EngineMaterials/EmissiveMeshMaterial.EmissiveMeshMaterial","0","0","10","1","0.000000","0","0"
"/Engine/EngineDebugMaterials/DebugMeshMaterial.DebugMeshMaterial","0","0","10","1","0.000000","0","0"
"/Engine/EngineMaterials/RemoveSurfaceMaterial.RemoveSurfaceMaterial","0","0","2","1","0.000000","0","0"
"/OculusVR/Materials/TouchForQuestRiftSControllerMaterial.TouchForQuestRiftSControllerMaterial","0","0","12","1","0.000000","0","0"
"/OculusVR/Materials/touchController_mat.touchController_mat","0","0","24","1","0.000000","0","0"
"/OculusVR/Materials/OculusMR_OpaqueColoredMaterial.OculusMR_OpaqueColoredMaterial","0","0","2","1","0.000000","0","0"
"/OculusVR/Materials/OculusMR_ChromaKey.OculusMR_ChromaKey","0","0","8","1","0.000000","0","0"
"/OpenXR/Devices/M_XRController.M_XRController","0","0","36","3","0.000000","0","0"
"/Engine/EngineDebugMaterials/M_VolumeRenderSphereTracePP.M_VolumeRenderSphereTracePP","0","0","4","1","0.000000","0","0"
"/SpeedTreeImporter/SpeedTree9/SpeedTreeBillboardMaster.SpeedTreeBillboardMaster","0","0","72","1","0.000000","0","0"
"/SpeedTreeImporter/SpeedTree9/SpeedTreeMaster.SpeedTreeMaster","0","0","98","1","0.000000","0","0"
"/Engine/EngineDebugMaterials/WireframeMaterial.WireframeMaterial","0","0","675","1","0.000000","0","0"
"/Engine/EngineDebugMaterials/VertexColorMaterial.VertexColorMaterial","0","0","90","1","0.000000","0","0"
"/Engine/EngineMaterials/DefaultMaterial.DefaultMaterial","0","0","147","1","0.000000","0","0"
"/Engine/ArtTools/RenderToTexture/Materials/Debug/M_Emissive_Color.M_Emissive_Color","0","0","2","1","0.000000","0","0"
"/Paper2D/DefaultSpriteMaterial.DefaultSpriteMaterial","0","0","126","3","0.000000","0","0"
"/OculusVR/Materials/PokeAHoleMaterial.PokeAHoleMaterial","0","0","8","1","0.000000","0","0"
"/Engine/EngineDebugMaterials/M_SimpleUnlitTranslucent.M_SimpleUnlitTranslucent","0","0","8","1","0.000000","0","0"
"/Engine/EditorMaterials/Camera/CineMat.CineMat","0","0","24","1","0.000000","0","0"
"/Engine/VREditor/TransformGizmo/TranslucentTransformGizmoMaterial.TranslucentTransformGizmoMaterial","0","0","8","1","0.000000","0","0"
"/Engine/VREditor/TransformGizmo/TransformGizmoMaterial.TransformGizmoMaterial","0","0","2","1","0.000000","0","0"
"/Engine/EngineMaterials/Widget3DPassThrough.Widget3DPassThrough","0","0","76","6","0.000000","0","0"
"/Engine/VREditor/TransformGizmo/Xray.Xray","0","0","12","1","0.000000","0","0"
"/Engine/VREditor/TransformGizmo/Main.Main","0","0","8","1","0.000000","0","0"
"/Engine/EngineMaterials/BaseFlattenMaterial.BaseFlattenMaterial","0","0","53","1","0.000000","0","0"
"/Engine/EngineSky/VolumetricClouds/m_SimpleVolumetricCloud.m_SimpleVolumetricCloud","0","0","52","1","0.000000","0","0"
"/Engine/EngineMaterials/DefaultPostProcessMaterial.DefaultPostProcessMaterial","0","0","6","1","0.000000","0","0"
"/Engine/EngineMaterials/DefaultLightFunctionMaterial.DefaultLightFunctionMaterial","0","0","19","1","0.000000","0","0"
"/Engine/EngineMaterials/DefaultDeferredDecalMaterial.DefaultDeferredDecalMaterial","0","0","115","1","0.000000","0","0"
"/Engine/EngineMaterials/WorldGridMaterial.WorldGridMaterial","0","0","962","1","0.000000","0","0"
"/Engine/EngineMaterials/DefaultTextMaterialOpaque.DefaultTextMaterialOpaque","0","0","36","1","0.000000","0","0"
"/Game/InfinityBladeEffects/Effects/Masters/M_Add_Trail_2Sided_Pan_Master.M_Add_Trail_2Sided_Pan_Master","0","60","9","2","32.455379","0","188"
"/Game/FPS_Weapon_Bundle/Weapons/Materials/Master_Material/M_Weapon_Master_USE.M_Weapon_Master_USE","0","180","97","4","149.876953","0","1154"
"/Game/FPS_Weapon_Bundle/Weapons/Materials/Master_Material/M_RDS_Master.M_RDS_Master","0","16","16","2","16.803404","0","22"
"/Game/FPS_Weapon_Bundle/Weapons/Materials/Master_Material/M_Scope_Lens_MASTER.M_Scope_Lens_MASTER","0","61","13","2","273.496460","0","320"
"/Game/AnimStarterPack/UE4_Mannequin/Materials/M_UE4Man_Body.M_UE4Man_Body","0","144","30","2","85.162178","0","887"
"/Engine/EngineMaterials/PPM_DefaultCalibrationGrayscale.PPM_DefaultCalibrationGrayscale","0","0","4","1","0.000000","0","0"
"/Engine/EngineMaterials/PPM_DefaultCalibrationColor.PPM_DefaultCalibrationColor","0","0","4","1","0.000000","0","0"
"/Game/Models/FINAL_SWAT/Mat/Ch15_body1.Ch15_body1","0","0","24","1","0.000000","0","0"
"/Game/Models/FINAL_SWAT/Mat/Ch15_body.Ch15_body","0","0","24","1","0.000000","0","0"
"/Game/InfinityBladeEffects/Effects/Masters/M_Trans_Sprite_SubUV_Master.M_Trans_Sprite_SubUV_Master","0","0","32","1","0.000000","0","0"
"/Game/InfinityBladeEffects/Effects/Masters/M_Add_Sprite_Master.M_Add_Sprite_Master","0","0","32","1","0.000000","0","0"
"/Game/InfinityBladeEffects/Effects/Masters/M_Add_Sprite_SubUV_Master.M_Add_Sprite_SubUV_Master","0","0","32","1","0.000000","0","0"
"/Game/InfinityBladeEffects/Effects/Masters/M_Trans_Sprite_Master_DepthFade.M_Trans_Sprite_Master_DepthFade","0","0","24","1","0.000000","0","0"
"/Game/InfinityBladeEffects/Effects/Masters/M_Trans_Sprite_SubUV_Master_DepthFade.M_Trans_Sprite_SubUV_Master_DepthFade","0","0","24","1","0.000000","0","0"
"/Game/HUD/Mat_miniMap.Mat_miniMap","0","0","9","1","0.000000","0","0"
"/Game/Models/MaceDemon/Mat/Spikes.Spikes","0","0","12","1","0.000000","0","0"
"/Game/Models/MaceDemon/Mat/blinn1.blinn1","0","0","24","1","0.000000","0","0"
"/Game/Models/DeadBody/glass_hair_M_ncl1_1.glass_hair_M_ncl1_1","0","0","56","1","0.000000","0","0"
"/Game/Models/DeadBody/glass_hair_M.glass_hair_M","0","0","56","1","0.000000","0","0"
"/Game/Models/DeadBody/body_M1.body_M1","0","0","56","1","0.000000","0","0"
"/Game/Models/DeadBody/body_M.body_M","0","0","24","1","0.000000","0","0"
"/Game/Models/Puerta/entry_3__entry_3_AO.entry_3__entry_3_AO","0","0","24","1","0.000000","0","0"
"/Game/Models/Puerta/idCARD/Material_005.Material_005","0","0","12","1","0.000000","0","0"
"/Game/Models/Puerta/idCARD/Material_004.Material_004","0","0","12","1","0.000000","0","0"
"/Game/Models/Puerta/idCARD/Material_003.Material_003","0","0","12","1","0.000000","0","0"
"/Game/Models/Puerta/idCARD/Material_002.Material_002","0","0","12","1","0.000000","0","0"
"/Game/Models/ITEMS/Medkit/ZenUV_Generic_Material_004.ZenUV_Generic_Material_004","0","0","31","1","0.000000","0","0"
"/Game/Models/ITEMS/Medkit/ZenUV_Generic_Material_002.ZenUV_Generic_Material_002","0","0","31","1","0.000000","0","0"
"/Game/Models/ITEMS/Medkit/ZenUV_Generic_Material_001.ZenUV_Generic_Material_001","0","0","31","1","0.000000","0","0"
"/Game/Models/ITEMS/Medkit/ZenUV_Generic_Material_003.ZenUV_Generic_Material_003","0","0","31","1","0.000000","0","0"
"/Game/Models/ITEMS/AmmoBox/polySurface52Mat.polySurface52Mat","0","0","12","1","0.000000","0","0"
"/Game/FirstPersonBP/Landscape/Textures/MTL_waterLandscape.MTL_waterLandscape","0","0","30","1","0.000000","0","0"
"/Game/FirstPersonBP/Landscape/Textures/MTL_landscape.MTL_landscape","0","0","113","3","0.000000","0","0"
"/Game/Models/BigDemon/MAT/demonToungeSG.demonToungeSG","0","0","24","1","0.000000","0","0"
"/Game/Models/BigDemon/MAT/demonTeethSG.demonTeethSG","0","0","24","1","0.000000","0","0"
"/Game/Models/BigDemon/MAT/demonSkinSG.demonSkinSG","0","0","24","1","0.000000","0","0"
"/Game/Models/BigDemon/MAT/demonGumsSG.demonGumsSG","0","0","24","1","0.000000","0","0"
"/Game/Models/BigDemon/MAT/demonEyeSG.demonEyeSG","0","0","24","1","0.000000","0","0"
"/Game/FirstPersonBP/Landscape/Props/CfWood1.CfWood1","0","0","12","1","0.000000","0","0"
"/Game/FirstPersonBP/Landscape/Particulas/Rainfall/M_Rainfall.M_rainfall","0","0","90","1","0.000000","0","0"
"/Game/FirstPersonBP/Landscape/Particulas/Flame/M_flame.M_flame","0","0","84","1","0.000000","0","0"
"/Game/FirstPersonBP/Landscape/Particulas/Fireflies/M_fireflies.M_fireflies","0","0","90","1","0.000000","0","0"
"/Game/FirstPersonBP/Landscape/Foliage/Pino3/Leaf01_su_SHD.Leaf01_su_SHD","0","0","56","1","0.000000","0","0"
"/Game/FirstPersonBP/Landscape/Foliage/Pino3/Bark01_SHD.Bark01_SHD","0","0","24","1","0.000000","0","0"
"/Game/FirstPersonBP/Landscape/Foliage/Pino2/Leaf01_su_SHD.Leaf01_su_SHD","0","0","56","1","0.000000","0","0"
"/Game/FirstPersonBP/Landscape/Foliage/Pino2/Bark01_SHD.Bark01_SHD","0","0","24","1","0.000000","0","0"
"/Game/FirstPersonBP/Landscape/Foliage/Pino1/yamaboushi_tan_trunk_Mat.yamaboushi_tan_trunk_Mat","0","0","12","1","0.000000","0","0"
"/Game/FirstPersonBP/Landscape/Foliage/Pino1/yamaboushi_leaf_spr1_3_Mat.yamaboushi_leaf_spr1_3_Mat","0","0","12","1","0.000000","0","0"
"/Game/FirstPersonBP/Landscape/Foliage/Pino1/yamaboushi_leaf_spr1_2_Mat.yamaboushi_leaf_spr1_2_Mat","0","0","12","1","0.000000","0","0"
"/Game/FirstPersonBP/Landscape/Foliage/Pino1/yamaboushi_leaf_spr1_1_Mat.yamaboushi_leaf_spr1_1_Mat","0","0","12","1","0.000000","0","0"
"/Engine/EngineSky/M_Sky_Panning_Clouds2.M_Sky_Panning_Clouds2","0","0","2","1","0.000000","0","0"
"/Engine/EditorMaterials/PreviewShadowIndicatorMaterial.PreviewShadowIndicatorMaterial","0","0","19","1","0.000000","0","0"
"/Engine/EngineDebugMaterials/DebugEditorMaterial.DebugEditorMaterial","0","0","8","1","0.000000","0","0"
"/Game/Mannequin/Character/Materials/M_Male_Body.M_Male_Body","0","0","156","2","0.000000","0","0"
"/Game/ThirdPerson/Meshes/RampMaterial.RampMaterial","0","0","21","1","0.000000","0","0"
"/Game/StarterContent/Materials/M_Basic_Wall.M_Basic_Wall","0","0","21","1","0.000000","0","0"
"/Game/StarterContent/Props/Materials/M_Frame.M_Frame","0","0","21","1","0.000000","0","0"
"/Game/StarterContent/Materials/M_Glass.M_Glass","0","0","42","1","0.000000","0","0"
"/Game/StarterContent/Particles/Materials/M_Dust_Particle.M_Dust_Particle","0","0","112","1","0.000000","0","0"
"/Game/StarterContent/Materials/M_Wood_Walnut.M_Wood_Walnut","0","0","21","1","0.000000","0","0"
"/Game/StarterContent/Materials/M_Wood_Pine.M_Wood_Pine","0","0","21","1","0.000000","0","0"
"/Game/StarterContent/Materials/M_Wood_Oak.M_Wood_Oak","0","0","21","1","0.000000","0","0"
"/Game/StarterContent/Materials/M_Wood_Floor_Walnut_Worn.M_Wood_Floor_Walnut_Worn","0","0","21","1","0.000000","0","0"
"/Game/StarterContent/Materials/M_Wood_Floor_Walnut_Polished.M_Wood_Floor_Walnut_Polished","0","0","21","1","0.000000","0","0"
"/Game/StarterContent/Materials/M_Water_Ocean.M_Water_Ocean","0","0","21","1","0.000000","0","0"
"/Game/StarterContent/Materials/M_Water_Lake.M_Water_Lake","0","0","21","1","0.000000","0","0"
"/Game/StarterContent/Materials/M_Tech_Panel.M_Tech_Panel","0","0","21","1","0.000000","0","0"
"/Game/StarterContent/Materials/M_Tech_Hex_Tile_Pulse.M_Tech_Hex_Tile_Pulse","0","0","21","1","0.000000","0","0"
"/Game/StarterContent/Materials/M_Tech_Hex_Tile.M_Tech_Hex_Tile","0","0","21","1","0.000000","0","0"
"/Game/StarterContent/Materials/M_Tech_Checker_Dot.M_Tech_Checker_Dot","0","0","21","1","0.000000","0","0"
"/Game/StarterContent/Materials/M_Rock_Slate.M_Rock_Slate","0","0","21","1","0.000000","0","0"
"/Game/StarterContent/Materials/M_Rock_Sandstone.M_Rock_Sandstone","0","0","21","1","0.000000","0","0"
"/Game/StarterContent/Materials/M_Rock_Marble_Polished.M_Rock_Marble_Polished","0","0","21","1","0.000000","0","0"
"/Game/StarterContent/Materials/M_Rock_Basalt.M_Rock_Basalt","0","0","21","1","0.000000","0","0"
"/Game/StarterContent/Materials/M_Metal_Steel.M_Metal_Steel","0","0","21","1","0.000000","0","0"
"/Game/StarterContent/Materials/M_Metal_Rust.M_Metal_Rust","0","0","21","1","0.000000","0","0"
"/Game/StarterContent/Materials/M_Metal_Gold.M_Metal_Gold","0","0","21","1","0.000000","0","0"
"/Game/StarterContent/Materials/M_Metal_Chrome.M_Metal_Chrome","0","0","21","1","0.000000","0","0"
"/Game/StarterContent/Materials/M_Ground_Moss.M_Ground_Moss","0","0","21","1","0.000000","0","0"
"/Game/StarterContent/Materials/M_Ground_Gravel.M_Ground_Gravel","0","0","21","1","0.000000","0","0"
"/Game/StarterContent/Materials/M_Ground_Grass.M_Ground_Grass","0","0","21","1","0.000000","0","0"
"/Game/StarterContent/Materials/M_Concrete_Tiles.M_Concrete_Tiles","0","0","21","1","0.000000","0","0"
"/Game/StarterContent/Materials/M_Concrete_Panels.M_Concrete_Panels","0","0","21","1","0.000000","0","0"
"/Game/StarterContent/Materials/M_Concrete_Grime.M_Concrete_Grime","0","0","21","1","0.000000","0","0"
"/Game/StarterContent/Materials/M_CobbleStone_Smooth.M_CobbleStone_Smooth","0","0","21","1","0.000000","0","0"
"/Game/StarterContent/Materials/M_CobbleStone_Rough.M_CobbleStone_Rough","0","0","21","1","0.000000","0","0"
"/Game/StarterContent/Materials/M_CobbleStone_Pebble.M_CobbleStone_Pebble","0","0","21","1","0.000000","0","0"
"/Game/StarterContent/Materials/M_Ceramic_Tile_Checker.M_Ceramic_Tile_Checker","0","0","21","1","0.000000","0","0"
"/Game/StarterContent/Materials/M_Brick_Hewn_Stone.M_Brick_Hewn_Stone","0","0","21","1","0.000000","0","0"
"/Game/StarterContent/Materials/M_Brick_Cut_Stone.M_Brick_Cut_Stone","0","0","21","1","0.000000","0","0"
"/Game/StarterContent/Materials/M_Brick_Clay_Old.M_Brick_Clay_Old","0","0","21","1","0.000000","0","0"
"/Game/StarterContent/Materials/M_Brick_Clay_New.M_Brick_Clay_New","0","0","21","1","0.000000","0","0"
"/Game/StarterContent/Materials/M_Brick_Clay_Beveled.M_Brick_Clay_Beveled","0","0","21","1","0.000000","0","0"
"/Engine/EngineMaterials/AntiAliasedTextMaterialTranslucent.AntiAliasedTextMaterialTranslucent","0","0","30","1","0.000000","0","0"
"/Game/StarterContent/Materials/M_Concrete_Poured.M_Concrete_Poured","0","0","21","1","0.000000","0","0"
"/Game/StarterContent/Props/Materials/M_TableRound.M_TableRound","0","0","21","1","0.000000","0","0"
"/Game/StarterContent/Props/Materials/M_Statue.M_Statue","0","0","21","1","0.000000","0","0"
"/Game/StarterContent/Props/Materials/M_StatueGlass.M_StatueGlass","0","0","42","1","0.000000","0","0"
"/Game/StarterContent/Props/Materials/M_Chair.M_Chair","0","0","21","1","0.000000","0","0"
"/Game/StarterContent/Materials/M_Metal_Copper.M_Metal_Copper","0","0","21","1","0.000000","0","0"
"/Game/StarterContent/Materials/M_Metal_Burnished_Steel.M_Metal_Burnished_Steel","0","0","21","1","0.000000","0","0"
"/Game/StarterContent/Materials/M_Metal_Brushed_Nickel.M_Metal_Brushed_Nickel","0","0","21","1","0.000000","0","0"
"/Game/StarterContent/Props/Materials/M_Lamp.M_Lamp","0","0","21","1","0.000000","0","0"
"/Game/StarterContent/Particles/Materials/M_smoke_subUV.M_smoke_subUV","0","0","84","1","0.000000","0","0"
"/Game/StarterContent/Particles/Materials/M_Spark.M_Spark","0","0","24","1","0.000000","0","0"
"/Game/StarterContent/Particles/Materials/M_Radial_Gradient.M_Radial_Gradient","0","0","32","1","0.000000","0","0"
"/Game/StarterContent/Particles/Materials/M_Heat_Distortion.M_Heat_Distortion","0","0","36","1","0.000000","0","0"
"/Game/StarterContent/Particles/Materials/M_Fire_SubUV.M_Fire_SubUV","0","0","24","1","0.000000","0","0"
"/Game/StarterContent/Materials/M_Basic_Floor.M_Basic_Floor","0","0","21","1","0.000000","0","0"
"/Engine/EditorMeshes/ColorCalibrator/M_GreyBall.M_GreyBall","0","0","21","1","0.000000","0","0"
"/Engine/EditorMeshes/ColorCalibrator/M_ColorGrid.M_ColorGrid","0","0","21","1","0.000000","0","0"
"/Engine/EditorMeshes/ColorCalibrator/M_ClearCoatBlack.M_ClearCoatBlack","0","0","21","1","0.000000","0","0"
"/Engine/EditorMeshes/ColorCalibrator/M_ClearCoat.M_ClearCoat","0","0","21","1","0.000000","0","0"
"/Engine/EditorMeshes/ColorCalibrator/M_ChromeBall.M_ChromeBall","0","0","33","1","0.000000","0","0"
"/Game/StarterContent/Blueprints/Assets/M_LightStage_Skybox_Master.M_LightStage_Skybox_Master","0","0","4","2","0.000000","0","0"
"/Game/StarterContent/Blueprints/Assets/M_LightStage_Arrows.M_LightStage_Arrows","0","0","2","1","0.000000","0","0"
"/Engine/EditorMaterials/Thumbnails/SkySphereMaterial.SkySphereMaterial","0","0","2","1","0.000000","0","0"
"/Game/StarterContent/Materials/M_AssetPlatform.M_AssetPlatform","0","0","21","1","0.000000","0","0"
"/Game/InfinityBladeEffects/Maps/LevelContent/Architecture/M_CycRoom_01.M_CycRoom_01","0","21","2","1","10.895385","0","54"
"/Game/InfinityBladeEffects/Maps/LevelContent/Architecture/M_1Meter_01.M_1Meter_01","0","26","9","1","12.316693","0","73"
"/Game/InfinityBladeEffects/Maps/LevelContent/Architecture/M_CycWall_01.M_CycWall_01","0","21","9","1","11.181312","0","61"
"/Game/InfinityBladeEffects/Effects/Masters/M_Add_Sprite_Master_DepthFade.M_Add_Sprite_Master_DepthFade","0","32","1","1","11.500401","0","127"
"/Game/InfinityBladeEffects/Effects/Masters/M_Opaque_MeshEmit_Emis_Master.M_Opaque_MeshEmit_Emis_Master","0","4","4","1","1.270405","0","4"
"/Game/InfinityBladeEffects/Effects/FX_Materials/Fire/M_Fire_Trans_TilePan_2sided_meshEmit_02.M_Fire_Trans_TilePan_2sided_meshEmit_02","0","20","5","1","6.590244","0","55"
"/Game/InfinityBladeEffects/Effects/FX_Materials/Mobile/M_Fire_Sprite_01_5x5_SubUV.M_Fire_Sprite_01_5x5_SubUV","0","24","9","1","8.984263","0","67"
"/Game/InfinityBladeEffects/Effects/Masters/M_Trans_Sprite_Lit_SubUV_Master.M_Trans_Sprite_Lit_SubUV_Master","0","112","1","1","58.298935","0","877"
"/Game/InfinityBladeEffects/Effects/FX_Materials/ICE/M_IceShard.M_IceShard","0","16","16","1","5.388505","0","23"
"/Game/InfinityBladeEffects/Effects/FX_Materials/Mobile/M_IceBlastFog.M_IceBlastFog","0","20","7","1","6.248177","0","57"
"/Game/InfinityBladeEffects/Effects/Masters/M_Add_Trail_2Sided_Pan_Emis_Master.M_Add_Trail_2Sided_Pan_Emis_Master","0","30","7","1","9.007191","0","104"
"/Game/InfinityBladeEffects/Effects/Masters/M_Opaque_MeshEmit_Emis_Master_Surface.M_Opaque_MeshEmit_Emis_Master_Surface","0","24","1","1","10.178023","0","80"
"/Game/InfinityBladeEffects/Effects/FX_Materials/ICE/M_IceChunksBase.M_IceChunksBase","0","32","3","1","11.532313","0","100"
"/Game/InfinityBladeEffects/Effects/FX_Materials/ICE/M_IceBlastBase.M_IceBlastBase","0","112","5","1","57.169907","0","824"
"/Game/InfinityBladeEffects/Effects/Masters/M_Add_Sprite_2Sided_Master.M_Add_Sprite_2Sided_Master","0","40","10","1","12.860239","0","155"
"/Game/InfinityBladeEffects/Effects/FX_Materials/Mobile/M_LevelRing_00.M_LevelRing_00","0","40","5","1","12.673293","0","155"
"/Game/InfinityBladeEffects/Effects/FX_Materials/Fire/M_JaggedRockFire_MeshEmit_Lit.M_JaggedRockFire_MeshEmit_Lit","0","48","10","1","20.297112","0","208"
"/Game/InfinityBladeEffects/Effects/Masters/M_Trans_Sprite_Master_Surface.M_Trans_Sprite_Master_Surface","0","112","5","1","175.523392","0","1027"
"/Game/InfinityBladeEffects/Effects/Masters/M_Opaque_MeshEmit_Lit_Emis_Master.M_Opaque_MeshEmit_Lit_Emis_Master","0","57","2","1","24.790159","0","274"
"/Game/InfinityBladeEffects/Effects/FX_Materials/ICE/M_JaggedRockIce_MeshEmit_Blue.M_JaggedRockIce_MeshEmit_Blue","0","24","6","1","10.238134","0","64"
"/Engine/Functions/Engine_MaterialFunctions02/ExampleContent/3dParticleOpacity_Mat.3dParticleOpacity_Mat","0","0","48","1","0.000000","0","0"
"/Game/InfinityBladeEffects/Effects/FX_Materials/Mobile/M_IceSword.M_IceSword","0","30","6","1","10.500332","0","102"
"/Game/InfinityBladeEffects/Effects/FX_Materials/ICE/M_IceBlastIcicles_Fade.M_IceBlastIcicles_Fade","0","112","8","1","58.659679","0","854"
"/Game/InfinityBladeEffects/Effects/Masters/M_Trans_Sprite_Master.M_Trans_Sprite_Master","0","32","10","1","12.395572","0","114"
"/Game/InfinityBladeEffects/Effects/Masters/M_Trans_Trail_2Sided_Pan_Base_Emis_Master.M_Trans_Trail_2Sided_Pan_Base_Emis_Master","0","80","21","2","39.968956","0","292"
"/Game/InfinityBladeEffects/Effects/FX_Materials/Mobile/M_IceBlastIcicles.M_IceBlastIcicles","0","16","16","1","5.593084","0","22"
"/Game/InfinityBladeEffects/Effects/FX_Materials/Mobile/M_GhostSkull.M_GhostSkull","0","40","10","1","12.773082","0","158"
"/Game/InfinityBladeEffects/Effects/FX_Materials/Glyph/M_IB_Debris_Boxes_Trans.M_IB_Debris_Boxes_Trans","0","16","2","1","5.588888","0","44"
"/Game/InfinityBladeEffects/Effects/FX_Materials/Glyph/M_IB_Debris_Boxes_Opaque.M_IB_Debris_Boxes_Opaque","0","4","4","1","1.259113","0","4"
"/Game/InfinityBladeEffects/Effects/FX_Materials/Mobile/M_AuraCircle.M_AuraCircle","0","20","6","1","6.388847","0","56"
"/Game/InfinityBladeEffects/Effects/FX_Materials/Misc/M_Targeting_Enemy.M_Targeting_Enemy","0","32","10","1","10.951809","0","110"
"/Game/InfinityBladeEffects/Environments/Misc/Env_ALL_Artifacts/Materials/M_Env_Health_Terminus.M_Env_Health_Terminus","0","33","4","1","18.549549","0","139"
"/Game/InfinityBladeEffects/Effects/FX_Materials/Mobile/M_Dungeon_Pipe_FlowingLava_Cool.M_Dungeon_Pipe_FlowingLava_Cool","0","6","6","1","8.233661","0","6"
"/Game/FPS_Weapon_Bundle/Weapons/Materials/RDS/M_RDS_Glass.M_RDS_Glass","0","42","4","1","380.644440","0","282"
"/Engine/TemplateResources/M_Template_Master.M_Template_Master","0","0","33","1","0.000000","0","0"
"/Game/FirstPersonBP/Textures/BoxMaterial.BoxMaterial","0","0","24","1","0.000000","0","0"
"/Game/FirstPersonBP/Textures/MWall.MWall","0","0","12","1","0.000000","0","0"
"/Game/FirstPersonBP/Textures/MTecho.MTecho","0","0","12","1","0.000000","0","0"
"/Game/FirstPersonBP/Textures/MPiso.MPiso","0","0","12","1","0.000000","0","0"
"/Game/Models/ITEMS/PaperStack/Material_001.Material_001","0","12","12","1","5.802026","0","20"
"/Game/StarterContent/Props/Materials/M_Shelf.M_Shelf","0","0","21","1","0.000000","0","0"
"/Game/StarterContent/Props/Materials/M_Rock.M_Rock","0","0","21","1","0.000000","0","0"
"/Game/StarterContent/Props/Materials/M_MaterialSphere_Plain.M_MaterialSphere_Plain","0","0","12","1","0.000000","0","0"
"/Game/StarterContent/Props/Materials/M_MaterialSphere.M_MaterialSphere","0","0","12","1","0.000000","0","0"
"/Game/StarterContent/Props/Materials/M_Door.M_Door","0","0","21","1","0.000000","0","0"
"/Game/StarterContent/Props/Materials/M_Bush.M_Bush","0","0","49","1","0.000000","0","0"
"/Game/StarterContent/Particles/Materials/M_radial_ramp.M_radial_ramp","0","0","32","1","0.000000","0","0"
"/Game/StarterContent/Particles/Materials/m_flare_01.m_flare_01","0","0","32","1","0.000000","0","0"
"/Game/StarterContent/Particles/Materials/M_explosion_subUV.M_explosion_subUV","0","0","24","1","0.000000","0","0"
"/Game/StarterContent/Particles/Materials/M_Burst.M_Burst","0","0","30","1","0.000000","0","0"
"/Game/StarterContent/Materials/M_ColorGrid_LowSpec.M_ColorGrid_LowSpec","0","0","21","1","0.000000","0","0"
"/Game/InfinityBladeEffects/Environments/Plains/Env_Plains_Ruins/Materials/M_PLains_FloorStone.M_PLains_FloorStone","0","33","4","1","14.820160","0","103"
"/Game/InfinityBladeEffects/Environments/Ice/Env_Ice_Mountain/Materials/M_IceMountain_Boulder.M_IceMountain_Boulder","0","33","7","1","14.794923","0","106"
"/Game/InfinityBladeEffects/Environments/Fire/Env_Fire_Magma/Materials/M_Lava_flows_trans.M_Lava_flows_trans","0","34","1","1","12.588502","0","141"
"/Game/InfinityBladeEffects/Environments/Env_Rocks/Materials/M_JaggedRock_01.M_JaggedRock_01","0","24","5","1","10.204447","0","63"
"/Game/InfinityBladeEffects/Environments/Breakables/Materials/M_Breakables_Fort_Wall_Destroyed.M_Breakables_Fort_Wall_Destroyed","0","24","10","1","10.153119","0","67"
"/Game/InfinityBladeEffects/Environments/Breakables/Materials/M_Breakables_Fort_Wall_Destroyed_Trim.M_Breakables_Fort_Wall_Destroyed_Trim","0","24","3","1","10.356129","0","84"
"/Game/InfinityBladeEffects/Environments/Breakables/Materials/M_Breakables_Pots_Red.M_Breakables_Pots_Red","0","24","7","1","10.250611","0","62"
"/Game/InfinityBladeEffects/Enemy/Enemy_Chicken/Materials/M_EnemyChicken.M_EnemyChicken","0","66","5","1","22.525759","0","382"
"/Game/InfinityBladeEffects/Enemy/Enemy_Chicken/Materials/M_Survival_CA_Chicken_02.M_Survival_CA_Chicken_02","0","36","10","1","15.106593","0","121"
"/Game/InfinityBladeEffects/Effects/OLD/Effects/FX_Materials/ICE/M_IceMountain_Boulder_MeshEmit.M_IceMountain_Boulder_MeshEmit","0","8","8","1","2.516092","0","15"
"/Game/InfinityBladeEffects/Effects/OLD/Effects/FX_Materials/Gradient/M_Add_Unlit_TerminGlow.M_Add_Unlit_TerminGlow","0","20","10","1","6.222081","0","57"
"/Game/InfinityBladeEffects/Effects/Masters/M_Trans_Trail_2Sided_Pan_Tile_Master.M_Trans_Trail_2Sided_Pan_Tile_Master","0","20","7","1","6.418544","0","57"
"/Game/InfinityBladeEffects/Effects/Masters/M_Trans_StaticMesh_Lit_Master.M_Trans_StaticMesh_Lit_Master","0","40","7","1","23.140949","0","154"
"/Game/InfinityBladeEffects/Effects/Masters/M_Trans_Sprite_SubUV_Master_Surface.M_Trans_Sprite_SubUV_Master_Surface","0","84","1","1","45.882423","0","536"
"/Game/InfinityBladeEffects/Effects/Masters/M_Trans_Sprite_2Sided_Master.M_Trans_Sprite_2Sided_Master","0","40","10","1","13.094921","0","143"
"/Game/InfinityBladeEffects/Effects/Masters/M_Trans_MeshEmit_Master.M_Trans_MeshEmit_Master","0","32","3","1","11.297016","0","100"
"/Game/InfinityBladeEffects/Effects/Masters/M_Trans_MeshEmit_2Sided_Pan_Mask_Master.M_Trans_MeshEmit_2Sided_Pan_Mask_Master","0","20","7","1","6.593816","0","57"
"/Game/InfinityBladeEffects/Effects/Masters/M_Opaque_Static_Lit_Emis_PanMaster.M_Opaque_Static_Lit_Emis_PanMaster","0","21","4","1","10.592624","0","56"
"/Game/InfinityBladeEffects/Effects/Masters/M_Opaque_MeshEmit_Emis_Master_Surface2.M_Opaque_MeshEmit_Emis_Master_Surface2","0","24","10","1","10.724479","0","66"
"/Game/InfinityBladeEffects/Effects/Masters/M_Add_Sprite_SubUV_Master_DepthFade.M_Add_Sprite_SubUV_Master_DepthFade","0","32","10","1","12.196344","0","114"
"/Game/InfinityBladeEffects/Effects/Masters/M_Add_Sprite_Pan_Emis_Mask_Master.M_Add_Sprite_Pan_Emis_Mask_Master","0","48","12","2","17.945229","0","128"
"/Game/InfinityBladeEffects/Effects/Masters/M_Add_Mesh_2Sided_Pan_Emis_Master.M_Add_Mesh_2Sided_Pan_Emis_Master","0","80","14","2","27.410305","0","301"
"/Game/InfinityBladeEffects/Effects/Masters/M_Add_Mesh_2Sided_Pan_Base_Master.M_Add_Mesh_2Sided_Pan_Base_Master","0","20","4","1","7.097871","0","54"
"/Game/InfinityBladeEffects/Effects/FX_Materials/Env/M_Treasure_Gold_Add_2sided.M_Treasure_Gold_Add_2sided","0","20","4","1","6.173325","0","54"
"/Game/InfinityBladeEffects/Effects/FX_Materials/M_GoldBag.M_GoldBag","0","24","8","1","10.021529","0","66"
"/Game/InfinityBladeEffects/Effects/FX_Materials/Gradient/M_Opaque_Hammer_Spin.M_Opaque_Hammer_Spin","0","8","8","1","2.498694","0","14"
"/Game/InfinityBladeEffects/Effects/FX_Materials/ICE/M_JaggedRockIce_MeshEmit.M_JaggedRockIce_MeshEmit","0","33","9","1","15.097363","0","108"
"/Game/InfinityBladeEffects/Effects/FX_Materials/Misc/M_Telecharge_char_01.M_Telecharge_char_01","0","4","4","1","1.230130","0","7"
"/Engine/EngineMaterials/EmissiveTexturedMaterial.EmissiveTexturedMaterial","0","0","4","1","0.000000","0","0"
"/Game/InfinityBladeEffects/Effects/FX_Materials/Mobile/Beakable_Master_MeshEmit.Beakable_Master_MeshEmit","0","57","10","1","24.152781","0","254"
"/Game/InfinityBladeEffects/Effects/FX_Materials/Mobile/M_Tile_Noise_Tendril_01.M_Tile_Noise_Tendril_01","0","16","16","1","5.730526","0","22"
"/Game/InfinityBladeEffects/Effects/FX_Materials/Trails/M_Trail_Lightning_01.M_Trail_Lightning_01","0","20","10","1","6.264500","0","56"
"/Game/InfinityBladeEffects/Effects/FX_Materials/Mobile/M_ChargeMesh_mobile1.M_ChargeMesh_mobile1","0","40","6","1","12.655875","0","158"
"/Game/InfinityBladeEffects/Effects/FX_Materials/Mobile/M_SparkCore_Add_01_mobile.M_SparkCore_Add_01_mobile","0","24","10","1","29.076576","0","68"
"/Game/InfinityBladeEffects/Effects/FX_Materials/Liquid/M_Liquid_Splat_03_INST.M_Liquid_Splat_03_INST","0","24","4","1","8.928212","0","62"
"/Game/InfinityBladeEffects/Effects/FX_Materials/ICE/M_IceMountain_Boulder_MeshEmit.M_IceMountain_Boulder_MeshEmit","0","8","8","1","0.000000","0","15"
"/Game/InfinityBladeEffects/Effects/FX_Materials/Misc/M_DeathPlane_01.M_DeathPlane_01","0","32","10","1","11.406297","0","114"
"/Game/InfinityBladeEffects/Effects/FX_Materials/Gradient/M_Add_Unlit_TerminGlow.M_Add_Unlit_TerminGlow","0","20","20","1","6.223675","0","30"
"/Game/InfinityBladeEffects/Effects/FX_Materials/Trails/M_IB_SwipeTrail.M_IB_SwipeTrail","0","30","10","1","9.212201","0","80"
"/Game/InfinityBladeEffects/Effects/FX_Materials/Glyph/M_IB_AnimGrid_Trans_MeshEmit.M_IB_AnimGrid_Trans_MeshEmit","0","112","2","1","56.294964","0","794"
"/Game/InfinityBladeEffects/Effects/FX_Materials/Glyph/M_IB_Flares.M_IB_Flares","0","24","6","1","8.728018","0","64"
"/Game/InfinityBladeEffects/Effects/FX_Materials/Glyph/M_IB_AnimGrid_2_Trans.M_IB_AnimGrid_2_Trans","0","84","10","1","44.400085","0","518"
"/Game/InfinityBladeEffects/Effects/FX_Materials/Enemy/M_Ausar_ShieldBlast_01.M_Ausar_ShieldBlast_01","0","40","10","1","24.523531","0","130"
"/Game/InfinityBladeEffects/Effects/FX_Materials/Mobile/M_Tornado.M_Tornado","0","50","10","1","15.829198","0","190"
"/Game/InfinityBladeEffects/Effects/FX_Mobile/ICE/M_Tornado_Ice_Trans.M_Tornado_Ice_Trans","0","50","10","1","15.929272","0","190"
"/Game/InfinityBladeEffects/Effects/FX_Materials/Mobile/M_Ice_Shard_Tiled_D.M_Ice_Shard_Tiled_D","0","24","4","1","9.989594","0","62"
"/Game/InfinityBladeEffects/Effects/FX_Materials/Mobile/M_Ice_Unlit.M_Ice_Unlit","0","8","8","1","2.464319","0","10"
"/Game/InfinityBladeEffects/Effects/FX_Materials/Mobile/M_Ice_Shard_Tiled_Mesh_Unlit_01.M_Ice_Shard_Tiled_Mesh_Unlit_01","0","32","4","1","10.980450","0","102"
"/Game/InfinityBladeEffects/Effects/FX_Materials/Mobile/M_Opaque_Axes_Spin.M_Opaque_Axes_Spin","0","4","4","1","1.269304","0","4"
"/Game/InfinityBladeEffects/Effects/FX_Materials/Mobile/M_JaggedRock_MeshEmit_Lit.M_JaggedRock_MeshEmit_Lit","0","33","1","1","14.520376","0","129"
"/Game/InfinityBladeEffects/Effects/FX_Materials/ICE/M_IceSkills_Base_Lit.M_IceSkills_Base_Lit","0","32","3","1","11.218110","0","100"
"/Game/InfinityBladeEffects/Effects/FX_Materials/Mobile/M_Tornado_Fire_Trans_03.M_Tornado_Fire_Trans_03","0","50","3","1","15.671206","0","212"
"/Game/InfinityBladeEffects/Effects/FX_Materials/Mobile/M_BlastWave_2sided.M_BlastWave_2sided","0","40","3","1","12.933119","0","149"
"/Game/InfinityBladeEffects/Effects/FX_Materials/Mobile/M_BlastWave_MeshEmit.M_BlastWave_MeshEmit","0","32","5","1","11.171365","0","101"
"/Game/InfinityBladeEffects/Effects/FX_Materials/Mobile/M_CrackedGround_Trans.M_CrackedGround_Trans","0","24","10","1","8.846694","0","63"
"/Game/InfinityBladeEffects/Effects/FX_Materials/Mobile/M_FireSword_Add_mobile.M_FireSword_Add_mobile","0","40","10","1","13.358035","0","168"
"/Game/InfinityBladeEffects/Effects/FX_Materials/Mobile/M_SpikeTrap_Fire.M_SpikeTrap_Fire","0","14","4","1","4.177701","0","47"
"/Game/InfinityBladeEffects/Effects/FX_Materials/Enemy/M_Enemy_GreaterSpiderBoss_FX_Master.M_Enemy_GreaterSpiderBoss_FX_Master","0","36","10","1","14.868928","0","121"
"/Game/InfinityBladeEffects/Effects/FX_Materials/Mobile/M_LeachBeam_Trans.M_LeachBeam_Trans","0","16","5","1","5.663555","0","47"
"/Game/InfinityBladeEffects/Effects/FX_Materials/Mobile/M_HealBeam_Trans.M_HealBeam_Trans","0","16","1","1","5.651511","0","38"
"/Game/InfinityBladeEffects/Effects/FX_Materials/Liquid/M_Water_fountain_01.M_Water_fountain_01","0","42","3","1","72.716362","0","173"
"/Game/InfinityBladeEffects/Effects/FX_Materials/Smoke/M_FogSheet_Fire_03.M_FogSheet_Fire_03","0","8","8","1","3.309066","0","8"
"/Game/InfinityBladeEffects/Effects/FX_Materials/Smoke/M_FogSheet_Add_Ice_T3.M_FogSheet_Add_Ice_T3","0","8","8","1","3.361704","0","14"
"/Game/InfinityBladeEffects/Effects/FX_Materials/Smoke/M_FogSheet_Add.M_FogSheet_Add","0","16","6","1","6.292050","0","47"
"/Game/InfinityBladeEffects/Effects/FX_Materials/Mobile/M_YinYang_Circle.M_YinYang_Circle","0","30","10","1","11.385458","0","130"
"/Game/InfinityBladeEffects/Effects/FX_Materials/Mobile/M_TraceTrail_Fire.M_TraceTrail_Fire","0","20","2","1","7.041975","0","58"
"/Game/InfinityBladeEffects/Effects/FX_Materials/Mobile/M_Tornado_Ice_Trans_UT.M_Tornado_Ice_Trans_UT","0","30","2","1","11.142050","0","94"
"/Game/InfinityBladeEffects/Effects/FX_Materials/Mobile/M_Tornado_Fire_Trans_Master.M_Tornado_Fire_Trans_Master","0","40","18","1","41.107262","0","188"
"/Game/InfinityBladeEffects/Effects/FX_Materials/Glyph/M_IB_AnimGrid_Trans.M_IB_AnimGrid_Trans","0","84","10","1","112.046654","0","518"
"/Game/InfinityBladeEffects/Effects/FX_Materials/Mobile/M_SnowSubUV_2_3_MeshEmit.M_SnowSubUV_2_3_MeshEmit","0","24","10","1","11.451653","0","68"
"/Game/InfinityBladeEffects/Effects/FX_Materials/Mobile/M_Tornado_Fire_Trans_02.M_Tornado_Fire_Trans_02","0","30","10","1","10.550540","0","100"
"/Game/InfinityBladeEffects/Effects/FX_Materials/Mobile/M_Portal_Add.M_Portal_Add","0","24","10","1","9.916093","0","68"
"/Game/InfinityBladeEffects/Effects/FX_Materials/Mobile/M_Smoke_Trans_subUV_3_4_mobile.M_Smoke_Trans_subUV_3_4_mobile","0","24","10","1","10.205798","0","68"
"/Game/InfinityBladeEffects/Effects/FX_Materials/Mobile/M_Fire_Trans_subUV.M_Fire_Trans_subUV","0","24","10","1","9.888644","0","68"
"/Game/InfinityBladeEffects/Effects/FX_Materials/Mobile/M_Tornado_Fire_Trans.M_Tornado_Fire_Trans","0","40","4","1","14.765223","0","146"
"/Game/InfinityBladeEffects/Effects/FX_Materials/Mobile/M_Tornado_Fire_Add.M_Tornado_Fire_Add","0","40","10","1","14.547168","0","130"
"/Game/InfinityBladeEffects/Effects/FX_Materials/Mobile/M_Sword_Opaque_Master.M_Sword_Opaque_Master","0","8","8","1","2.666784","0","14"
"/Game/InfinityBladeEffects/Effects/FX_Materials/Mobile/M_SwipeTrail_EdgeFade.M_SwipeTrail_EdgeFade","0","28","10","1","16.706406","0","74"
"/Game/InfinityBladeEffects/Effects/FX_Materials/Mobile/M_FlowingLava_HOT_red_Cool.M_FlowingLava_HOT_red_Cool","0","2","2","1","0.816736","0","2"
"/Game/InfinityBladeEffects/Effects/FX_Materials/Mobile/M_Shield_Rim_Add.M_Shield_Rim_Add","0","24","10","1","9.528680","0","82"
"/Game/InfinityBladeEffects/Effects/FX_Materials/Mobile/M_BlastWave_mobile.M_BlastWave_mobile","0","24","10","1","9.505215","0","64"
"/Game/InfinityBladeEffects/Effects/FX_Materials/Glyph/M_IB_Flash_Add.M_IB_Flash_Add","0","24","10","1","9.408314","0","68"
"/Game/InfinityBladeEffects/Effects/FX_Materials/Mobile/M_Add_Trail_MeshEmit_2Sided_Master.M_Add_Trail_MeshEmit_2Sided_Master","0","40","10","1","14.423107","0","166"
"/Game/InfinityBladeEffects/Effects/FX_Materials/Mobile/M_SwipeTrail_Add_2Sided_Emissive_MESH.M_SwipeTrail_Add_2Sided_Emissive_MESH","0","10","10","1","3.825104","0","10"
"/Game/InfinityBladeEffects/Effects/FX_Materials/Mobile/M_Spider_Anim.M_Spider_Anim","0","28","6","1","18.063288","0","98"
"/Game/InfinityBladeEffects/Effects/FX_Materials/Mobile/M_Spark_Add_01_mobile.M_Spark_Add_01_mobile","0","24","10","1","9.817665","0","68"
"/Game/InfinityBladeEffects/Effects/FX_Materials/Mobile/M_FireBlast_Add_VertexAnim_2sided.M_FireBlast_Add_VertexAnim_2sided","0","30","10","1","11.233428","0","80"
"/Game/InfinityBladeEffects/Effects/FX_Materials/Mobile/M_Spark_2_2_01.M_Spark_2_2_01","0","24","10","1","10.698076","0","90"
"/Game/InfinityBladeEffects/Effects/FX_Materials/Mobile/M_LavaFlows_Fast_Trans.M_LavaFlows_Fast_Trans","0","8","8","1","3.798522","0","8"
"/Game/InfinityBladeEffects/Effects/FX_Materials/Mobile/M_Fire_Add_RingsubUV.M_Fire_Add_RingsubUV","0","24","10","1","10.259362","0","90"
"/Game/InfinityBladeEffects/Effects/FX_Materials/Mobile/M_HeartHeal_Trans.M_HeartHeal_Trans","0","24","6","1","11.234803","0","64"
"/Game/InfinityBladeEffects/Effects/FX_Materials/Mobile/M_HeartHeal_02_Trans.M_HeartHeal_02_Trans","0","24","10","1","10.772935","0","68"
"/Game/InfinityBladeEffects/Effects/FX_Materials/Mobile/M_Fire_Add_DetailMask_meshEmit.M_Fire_Add_DetailMask_meshEmit","0","40","10","1","16.207602","0","130"
"/Game/InfinityBladeEffects/Effects/FX_Materials/Mobile/M_SnowSubUV_2_3.M_SnowSubUV_2_3","0","24","10","1","11.015107","0","68"
"/Game/InfinityBladeEffects/Effects/FX_Materials/Mobile/M_Snow.M_Snow","0","10","10","1","4.284201","0","10"
"/Game/InfinityBladeEffects/Effects/FX_Materials/Mobile/M_CandleFlame.M_CandleFlame","0","24","10","1","10.319807","0","68"
"/Game/InfinityBladeEffects/Effects/FX_Materials/Mobile/M_Smoke_Trans_subUV_mobile.M_Smoke_Trans_subUV_mobile","0","24","10","1","11.324780","0","84"
"/Game/InfinityBladeEffects/Effects/FX_Materials/Mobile/M_Plate_Floor_2_Ice.M_Plate_Floor_2_Ice","0","21","2","1","12.969915","0","68"
"/Game/InfinityBladeEffects/Effects/FX_Materials/Mobile/M_LightSconces_Glow.M_LightSconces_Glow","0","26","7","1","14.337748","0","80"
"/Game/InfinityBladeEffects/Effects/FX_Materials/Mobile/M_Lightning_Radial_add_subuv_4x4.M_Lightning_Radial_add_subuv_4x4","0","24","10","1","10.305609","0","68"
"/Game/InfinityBladeEffects/Effects/FX_Materials/Mobile/M_ForgeCoals_Fire.M_ForgeCoals_Fire","0","8","8","1","3.502805","0","8"
"/Game/InfinityBladeEffects/Effects/FX_Materials/Mobile/M_Fire_Trans_TilePan_2sided_Blue.M_Fire_Trans_TilePan_2sided_Blue","0","30","10","1","12.806696","0","123"
"/Game/InfinityBladeEffects/Effects/FX_Materials/Mobile/M_Smoke_Trans_subUV_4_8_mobile.M_Smoke_Trans_subUV_4_8_mobile","0","24","10","1","10.165481","0","68"
"/Game/InfinityBladeEffects/Effects/FX_Materials/Mobile/M_Smoke_Trans_mobile.M_Smoke_Trans_mobile","0","24","10","1","10.292606","0","68"
"/Game/InfinityBladeEffects/Effects/FX_Materials/Mobile/M_Smoke_Add_subUV_mult.M_Smoke_Add_subUV_mult","0","24","5","1","10.079618","0","80"
"/Game/InfinityBladeEffects/Effects/FX_Materials/Mobile/M_Smoke_Add_2_mobile.M_Smoke_Add_2_mobile","0","24","10","1","10.147502","0","67"
"/Game/InfinityBladeEffects/Effects/FX_Materials/Mobile/M_SmokeSingle_Add.M_SmokeSingle_Add","0","24","10","1","10.524343","0","84"
"/Game/InfinityBladeEffects/Effects/FX_Materials/Mobile/M_JaggedRockFire_MeshEmit_Master.M_JaggedRockFire_MeshEmit_Master","0","33","10","1","17.346373","0","112"
"/Game/InfinityBladeEffects/Effects/FX_Materials/Mobile/M_Impact_SubUV.M_Impact_SubUV","0","24","10","1","10.439038","0","68"
"/Game/InfinityBladeEffects/Effects/FX_Materials/Mobile/M_Smoke_Addit_subUV_mobile.M_Smoke_Addit_subUV_mobile","0","24","10","1","9.967323","0","68"
"/Game/InfinityBladeEffects/Effects/FX/M_Embers.M_Embers","0","10","10","1","4.184882","0","10"
"/Game/InfinityBladeEffects/Effects/FX_Materials/Mobile/M_Flare_Add_04_mobile.M_Flare_Add_04_mobile","0","24","10","1","10.099566","0","82"
"/Game/InfinityBladeEffects/Effects/FX_Materials/Mobile/M_JaggedRockFireBase_MeshEmit.M_JaggedRockFireBase_MeshEmit","0","8","8","1","3.693326","0","8"
"/Game/InfinityBladeEffects/Effects/FX_Materials/Mobile/M_SmokeWispy_Pan.M_SmokeWispy_Pan","0","24","10","1","10.835481","0","68"
"/Game/InfinityBladeEffects/Effects/FX_Materials/Mobile/M_CombatArea_Edge.M_CombatArea_Edge","0","24","10","1","9.715711","0","68"
"/Game/InfinityBladeEffects/Effects/FX_Materials/Mobile/M_Flare_Add_04_Inst.M_Flare_Add_04_Inst","0","24","6","1","9.181516","0","62"
"/Game/InfinityBladeEffects/Effects/FX_Materials/Mobile/M_Flare_Add_03_mobile.M_Flare_Add_03_mobile","0","24","2","1","9.781901","0","82"
"/Game/InfinityBladeEffects/Effects/FX_Materials/Mobile/M_Flare_Add_03_2sided.M_Flare_Add_03_2sided","0","30","10","1","10.904111","0","134"
"/Game/InfinityBladeEffects/Effects/FX_Materials/Mobile/M_SmokeWispy_Gradient_Pan.M_SmokeWispy_Gradient_Pan","0","24","10","1","9.592216","0","68"
"/Game/InfinityBladeEffects/Effects/FX_Materials/Mobile/M_SmokeTile_Trail_01.M_SmokeTile_Trail_01","0","16","16","1","6.138930","0","22"
"/Game/InfinityBladeEffects/Effects/FX_Materials/Mobile/M_SmokeSingle_Trans_mobile.M_SmokeSingle_Trans_mobile","0","24","10","1","10.220083","0","68"
"/Game/InfinityBladeEffects/Effects/FX_Materials/Mobile/M_Fire_Add_Tile_Grey_2Sided_meshEmit.M_Fire_Add_Tile_Grey_2Sided_meshEmit","0","40","10","1","14.685373","0","166"
"/Game/InfinityBladeEffects/Effects/FX_Materials/Mobile/M_Fire_Add_2side_subUV.M_Fire_Add_2side_subUV","0","30","10","1","11.610817","0","106"
"/Game/InfinityBladeEffects/Effects/FX_Materials/Mobile/M_Smoke3_Trans_subUV_mobile.M_Smoke3_Trans_subUV_mobile","0","24","10","1","10.055107","0","68"
"/Game/InfinityBladeEffects/Effects/FX_Materials/Mobile/M_FireWall_Add.M_FireWall_Add","0","40","10","1","13.910947","0","164"
"/Game/InfinityBladeEffects/Effects/FX_Materials/Mobile/M_FireSky_moving.M_FireSky_moving","0","2","2","1","0.928308","0","2"
"/Game/InfinityBladeEffects/Effects/FX_Materials/Mobile/M_Smoke3_Add_subUV_mobile.M_Smoke3_Add_subUV_mobile","0","24","6","1","11.043608","0","64"
"/Game/InfinityBladeEffects/Effects/FX_Materials/Mobile/M_Smoke2_Trans_subUV_mobile.M_Smoke2_Trans_subUV_mobile","0","24","10","1","11.701661","0","68"
"/Game/InfinityBladeEffects/Effects/FX_Materials/Mobile/M_SlashDir_Add_01_mobile.M_SlashDir_Add_01_mobile","0","30","10","1","11.909570","0","80"
"/Game/InfinityBladeEffects/Effects/FX_Materials/Mobile/M_Sky_Flashing_Panning_Master.M_Sky_Flashing_Panning_Master","0","2","2","1","0.733709","0","2"
"/Game/InfinityBladeEffects/Effects/FX_Materials/Mobile/M_Sky_Flashing_Panning.M_Sky_Flashing_Panning","0","2","2","1","0.812836","0","2"
"/Game/InfinityBladeEffects/Effects/FX_Materials/Mobile/M_Heal_Add_2Sided.M_Heal_Add_2Sided","0","10","10","1","3.651609","0","16"
"/Game/InfinityBladeEffects/Effects/FX_Materials/Mobile/M_HealSpiral_Add.M_HealSpiral_Add","0","10","10","1","4.254786","0","10"
"/Game/InfinityBladeEffects/Effects/FX_Materials/Mobile/M_Skill_Vortex_Fire_01.M_Skill_Vortex_Fire_01","0","8","8","1","3.221434","0","15"
"/Game/InfinityBladeEffects/Effects/FX_Materials/Mobile/M_ShieldMesh_mobile.M_ShieldMesh_mobile","0","32","10","1","12.124732","0","134"
"/Game/InfinityBladeEffects/Effects/FX_Materials/Mobile/M_LavaFlows_Trans_2sided.M_LavaFlows_Trans_2sided","0","20","10","1","7.120434","0","56"
"/Game/InfinityBladeEffects/Effects/FX_Materials/Mobile/M_RoboChains_MeshEmit.M_RoboChains_MeshEmit","0","30","10","1","11.647511","0","102"
"/Game/InfinityBladeEffects/Effects/FX_Materials/Mobile/M_ReflectArrow_Grad.M_ReflectArrow_Grad","0","32","6","1","12.776439","0","134"
"/Game/InfinityBladeEffects/Effects/FX_Materials/Mobile/M_Projectile_2Side_01.M_Projectile_2Side_01","0","30","10","1","11.379381","0","102"
"/Game/InfinityBladeEffects/Effects/FX_Materials/Mobile/M_Blood_Trans_02.M_Blood_Trans_02","0","24","10","1","9.805800","0","68"
"/Game/InfinityBladeEffects/Effects/FX_Materials/Mobile/M_Projectile_01.M_Projectile_01","0","24","10","1","9.840528","0","68"
"/Game/InfinityBladeEffects/Effects/FX_Materials/Mobile/M_Portal_Trans.M_Portal_Trans","0","24","10","1","9.086900","0","68"
"/Game/InfinityBladeEffects/Effects/FX_Materials/Mobile/M_FireBlast_Add_FireBall_MeshEmit.M_FireBlast_Add_FireBall_MeshEmit","0","32","6","1","11.455850","0","170"
"/Game/InfinityBladeEffects/Effects/FX_Materials/Mobile/M_FireBlast_Add_FireBall.M_FireBlast_Add_FireBall","0","32","10","1","11.532701","0","112"
"/Game/InfinityBladeEffects/Effects/FX_Materials/Mobile/M_Lightning_Bolt_01.M_Lightning_Bolt_01","0","24","10","1","8.888871","0","90"
"/Game/InfinityBladeEffects/Effects/FX_Materials/Mobile/M_Lightning_Arc_Add_subUV.M_Lightning_Arc_Add_subUV","0","24","10","1","8.731384","0","64"
"/Game/InfinityBladeEffects/Effects/FX_Materials/Mobile/M_JaggedRock_Trans_MeshEmit_Lit.M_JaggedRock_Trans_MeshEmit_Lit","0","24","10","1","8.966685","0","68"
"/Game/InfinityBladeEffects/Effects/FX/M_BloomPlane.M_BloomPlane","0","8","8","1","3.155799","0","8"
"/Game/InfinityBladeEffects/Effects/FX_Materials/Mobile/M_LightCone.M_LightCone","0","24","10","1","8.807411","0","68"
"/Game/InfinityBladeEffects/Effects/FX_Materials/Mobile/M_Blood_Trans_03.M_Blood_Trans_03","0","24","10","1","9.091058","0","62"
"/Game/InfinityBladeEffects/Effects/FX_Materials/Mobile/M_LeafFlip_Masked.M_LeafFlip_Masked","0","22","12","1","6.883296","0","66"
"/Game/InfinityBladeEffects/Effects/FX_Materials/Mobile/M_CrackedGroundIce_Trans.M_CrackedGroundIce_Trans","0","24","10","1","9.182036","0","68"
"/Game/InfinityBladeEffects/Effects/FX_Materials/Mobile/M_Lava_Flowing.M_Lava_Flowing","0","21","10","1","10.668113","0","57"
"/Game/InfinityBladeEffects/Effects/FX_Materials/Mobile/M_BlastDir_Add_01_mobile.M_BlastDir_Add_01_mobile","0","24","10","1","9.083297","0","80"
"/Game/InfinityBladeEffects/Effects/FX_Materials/Mobile/M_LavaFlows_Trans.M_LavaFlows_Trans","0","8","8","1","3.210458","0","8"
"/Game/InfinityBladeEffects/Effects/FX_Materials/Mobile/M_Ice_Mesh03.M_Ice_Mesh03","0","12","12","1","5.923622","0","22"
"/Game/InfinityBladeEffects/Effects/FX_Materials/Mobile/M_Ice_Attack_Top.M_Ice_Attack_Top","0","30","10","1","10.573337","0","108"
"/Game/InfinityBladeEffects/Effects/FX/M_FogPlane03_add.M_FogPlane03_add","0","8","8","1","3.139242","0","8"
"/Game/InfinityBladeEffects/Effects/FX_Materials/Mobile/M_Ice_Attack_Side_Add.M_Ice_Attack_Side_Add","0","30","10","1","10.268213","0","116"
"/Game/InfinityBladeEffects/Effects/FX_Materials/Mobile/M_Ice_Attack_Side.M_Ice_Attack_Side","0","30","10","1","10.465286","0","80"
"/Game/InfinityBladeEffects/Effects/FX_Materials/Mobile/M_Fire_Ribbon_Pan_Add.M_Fire_Ribbon_Pan_Add","0","32","6","1","11.514209","0","102"
"/Game/InfinityBladeEffects/Effects/FX_Materials/Mobile/M_Fire_Add_Tile_Grey_2sided.M_Fire_Add_Tile_Grey_2sided","0","40","10","1","12.795294","0","166"
"/Game/InfinityBladeEffects/Effects/FX_Materials/Mobile/M_CombatArea_Solid.M_CombatArea_Solid","0","24","10","1","8.738188","0","68"
"/Game/InfinityBladeEffects/Effects/FX_Materials/Mobile/M_IceTrap_Shard.M_IceTrap_Shard","0","36","10","1","15.321791","0","142"
"/Game/InfinityBladeEffects/Effects/FX_Materials/Mobile/M_Blood_Mod_03_mobile.M_Blood_Mod_03_mobile","0","24","10","1","9.160208","0","68"
"/Game/InfinityBladeEffects/Effects/FX_Materials/Mobile/M_IceSkills_Base.M_IceSkills_Base","0","24","10","1","8.994891","0","68"
"/Game/InfinityBladeEffects/Effects/FX_Materials/Mobile/M_IceHammerGlow.M_IceHammerGlow","0","24","10","1","8.804022","0","68"
"/Game/InfinityBladeEffects/Effects/FX/M_FogPlane02.M_FogPlane02","0","16","16","1","5.679119","0","26"
"/Game/InfinityBladeEffects/Effects/FX_Materials/Mobile/M_AuraCircle_add.M_AuraCircle_add","0","10","6","1","3.609058","0","28"
"/Game/InfinityBladeEffects/Effects/FX_Materials/Mobile/M_Add_Unlit_EndGate.M_Add_Unlit_EndGate","0","24","10","1","9.209399","0","68"
"/Game/InfinityBladeEffects/Effects/FX_Materials/Mobile/M_GroundCrack_SubUV.M_GroundCrack_SubUV","0","24","8","1","9.380338","0","84"
"/Game/InfinityBladeEffects/Effects/FX_Materials/Mobile/M_Glyph_Add_Outer_mobile.M_Glyph_Add_Outer_mobile","0","24","10","1","8.745801","0","86"
"/Game/InfinityBladeEffects/Effects/FX_Materials/Mobile/M_IB_Blood_Trans_subUV_mobile.M_IB_Blood_Trans_subUV_mobile","0","24","10","1","9.241626","0","68"
"/Game/InfinityBladeEffects/Effects/FX_Materials/Mobile/M_Glyph_Add_Inner_mobile.M_Glyph_Add_Inner_mobile","0","24","10","1","8.637422","0","68"
"/Game/InfinityBladeEffects/Effects/FX_Materials/Mobile/M_Flare_Add_RadialRings_03.M_Flare_Add_RadialRings_03","0","24","10","1","9.121216","0","68"
"/Game/InfinityBladeEffects/Effects/FX_Materials/Mobile/M_GlowVert_Trans.M_GlowVert_Trans","0","24","10","1","10.643165","0","86"
"/Game/InfinityBladeEffects/Effects/FX_Materials/Mobile/M_GlowVert_Add.M_GlowVert_Add","0","24","10","1","10.691653","0","68"
"/Game/InfinityBladeEffects/Effects/FX_Materials/Mobile/M_CrackedGroundFire_Trans.M_CrackedGroundFire_Trans","0","24","10","1","10.550087","0","68"
"/Game/InfinityBladeEffects/Effects/FX_Materials/Mobile/M_GlowNoise_Radial_01_Trans.M_GlowNoise_Radial_01_Trans","0","24","10","1","9.536505","0","68"
"/Game/InfinityBladeEffects/Effects/FX_Materials/Mobile/M_GlowNoise_Radial_01.M_GlowNoise_Radial_01","0","24","10","1","8.685162","0","64"
"/Game/InfinityBladeEffects/Effects/FX_Materials/Mobile/M_FireSky.M_FireSky","0","2","2","1","0.722090","0","2"
"/Game/InfinityBladeEffects/Effects/FX_Materials/Mobile/M_GlowNoise_01_2sided_MeshEmit.M_GlowNoise_01_2sided_MeshEmit","0","20","7","1","6.438328","0","68"
"/Game/InfinityBladeEffects/Effects/FX_Materials/Mobile/M_GlowNoise_01_2sided.M_GlowNoise_01_2sided","0","30","6","1","10.056514","0","128"
"/Game/InfinityBladeEffects/Effects/FX_Materials/Mobile/M_GlowNoise_01.M_GlowNoise_01","0","24","10","1","9.028080","0","68"
"/Game/InfinityBladeEffects/Effects/FX_Materials/Mobile/M_Glowing_Eyes.M_Glowing_Eyes","0","10","10","1","3.621740","0","12"
"/Game/InfinityBladeEffects/Effects/FX_Materials/Mobile/M_ForgeLogo.M_ForgeLogo","0","30","10","1","10.153230","0","130"
"/Game/InfinityBladeEffects/Effects/FX_Materials/Mobile/M_BlastWave_MeshEmit_2Sided.M_BlastWave_MeshEmit_2Sided","0","30","10","1","10.169353","0","80"
"/Game/InfinityBladeEffects/Effects/FX_Materials/Mobile/M_ForgeFail_X.M_ForgeFail_X","0","24","10","1","9.073818","0","68"
"/Game/InfinityBladeEffects/Effects/FX_Materials/Mobile/M_Fog_Orng_mobile.M_Fog_Orng_mobile","0","24","10","1","8.798122","0","68"
"/Game/InfinityBladeEffects/Effects/FX_Materials/Mobile/M_Fire_Trans_Tile_2sided_MeshEmit.M_Fire_Trans_Tile_2sided_MeshEmit","0","40","10","1","13.181376","0","130"
"/Game/InfinityBladeEffects/Effects/FX_Materials/Mobile/M_Fog_Green_mobile.M_Fog_Green_mobile","0","24","10","1","9.714929","0","82"
"/Game/InfinityBladeEffects/Effects/FX_Materials/Mobile/M_Fog_Blue_mobile.M_Fog_Blue_mobile","0","32","10","1","11.589258","0","114"
"/Game/InfinityBladeEffects/Effects/FX_Materials/Mobile/M_FogSheet_Trans.M_FogSheet_Trans","0","8","8","1","3.134118","0","8"
"/Game/InfinityBladeEffects/Effects/FX_Materials/Liquid/M_Water_Bucket_Cin04.M_Water_Bucket_Cin04","0","8","8","1","3.181371","0","8"
"/Game/InfinityBladeEffects/Effects/FX_Materials/Fire/M_FlickerGlow_Forge.M_FlickerGlow_Forge","0","16","16","1","5.426402","0","23"
"/Game/InfinityBladeEffects/Effects/FX_Materials/Mobile/M_FlashHalf_Add_mobile.M_FlashHalf_Add_mobile","0","24","10","1","8.862541","0","89"
"/Game/InfinityBladeEffects/Effects/FX_Materials/Mobile/M_Flare_Add_RadialRings_02.M_Flare_Add_RadialRings_02","0","24","10","1","8.805646","0","68"
"/Game/InfinityBladeEffects/Effects/FX_Materials/Mobile/M_CandleGlow.M_CandleGlow","0","45","10","1","20.315239","0","180"
"/Game/InfinityBladeEffects/Effects/FX_Materials/Mobile/M_Flare_Add_RadialRings_01.M_Flare_Add_RadialRings_01","0","24","4","1","8.954548","0","82"
"/Game/InfinityBladeEffects/Effects/FX_Materials/Mobile/M_Flare_Add_02_mobile.M_Flare_Add_02_mobile","0","24","10","1","8.963029","0","64"
"/Game/InfinityBladeEffects/Effects/FX_Materials/Mobile/M_Bats_Trans_mobile.M_Bats_Trans_mobile","0","24","10","1","9.072211","0","82"
"/Game/InfinityBladeEffects/Effects/FX_Materials/Mobile/M_Flare_Add_01_mobile.M_Flare_Add_01_mobile","0","24","10","1","8.933078","0","68"
"/Game/InfinityBladeEffects/Effects/FX_Materials/Glyph/M_IB_Flares_Grid.M_IB_Flares_Grid","0","24","10","1","8.778492","0","68"
"/Game/InfinityBladeEffects/Effects/FX_Materials/Mobile/M_Flare_Add_01_2sided.M_Flare_Add_01_2sided","0","30","8","1","10.033866","0","132"
"/Game/InfinityBladeEffects/Effects/FX_Materials/Mobile/M_Fire_Trans_Tile_Pan_mobile.M_Fire_Trans_Tile_Pan_mobile","0","40","10","1","13.806604","0","130"
"/Game/InfinityBladeEffects/Effects/FX_Materials/Glyph/M_IB_AnimGrid_Trans_MeshMat.M_IB_AnimGrid_Trans_MeshMat","0","84","2","1","43.999207","0","584"
"/Game/InfinityBladeEffects/Effects/FX/M_FogPlane03.M_FogPlane03","0","8","8","1","3.193846","0","8"
"/Game/InfinityBladeEffects/Effects/FX_Materials/Mobile/M_Fire_Add_subUV_2.M_Fire_Add_subUV_2","0","24","10","1","8.677466","0","66"
"/Game/InfinityBladeEffects/Effects/FX_Materials/Mobile/M_BlueSky.M_BlueSky","0","2","2","1","0.743938","0","2"
"/Game/InfinityBladeEffects/Effects/FX_Materials/Mobile/M_Fire_Add_subUV.M_Fire_Add_subUV","0","24","10","1","8.755278","0","68"
"/Game/InfinityBladeEffects/Effects/FX_Materials/Mobile/M_FireBlast_Add_2sided_meshEmit.M_FireBlast_Add_2sided_meshEmit","0","50","10","1","15.260088","0","190"
"/Game/InfinityBladeEffects/Effects/FX_Materials/Mobile/M_FireBlast_Add.M_FireBlast_Add","0","24","10","1","8.913125","0","68"
"/Game/InfinityBladeEffects/Effects/FX_Materials/Mobile/M_FireBeam_Trans.M_FireBeam_Trans","0","16","16","1","5.452569","0","22"
"/Game/InfinityBladeEffects/Effects/FX_Materials/Mobile/M_ExploD_Trans_subUV_mobile.M_ExploD_Trans_subUV_mobile","0","24","10","1","8.937901","0","90"
"/Game/InfinityBladeEffects/Effects/FX_Materials/Mobile/M_Blood_Mod_01_mobile.M_Blood_Mod_01_mobile","0","24","10","1","8.861260","0","64"
"/Game/InfinityBladeEffects/Effects/FX_Materials/Mobile/M_cracks_01_mobile.M_cracks_01_mobile","0","24","10","1","8.956555","0","68"
"/Game/InfinityBladeEffects/Effects/FX_Materials/Mobile/M_CrackedGround_Fire_Unlit.M_CrackedGround_Fire_Unlit","0","6","6","1","2.109468","0","6"
"/Game/InfinityBladeEffects/Effects/FX_Materials/Glyph/M_IB_AnimGrid_Masked_Trans.M_IB_AnimGrid_Masked_Trans","0","84","1","1","44.513836","0","536"
"/Game/InfinityBladeEffects/Effects/FX_Materials/Mobile/M_Blood_Mod_02_mobile.M_Blood_Mod_02_mobile","0","24","10","1","9.004469","0","63"
"/Game/InfinityBladeEffects/Effects/FX_Materials/Mobile/M_CrackedGround_Fire_Lit.M_CrackedGround_Fire_Lit","0","57","10","1","24.292086","0","304"
"/Game/InfinityBladeEffects/Effects/FX_Materials/Mobile/M_CrackedGroundPoison_Trans.M_CrackedGroundPoison_Trans","0","24","10","1","9.106829","0","97"
"/Game/InfinityBladeEffects/Effects/FX_Materials/Mobile/M_Fire_Trans_Tile_2sided_Master.M_Fire_Trans_Tile_2sided_Master","0","40","10","1","13.318825","0","158"
"/Game/InfinityBladeEffects/Effects/FX_Materials/Mobile/M_Fire_Trans_Tile_2sided.M_Fire_Trans_Tile_2sided","0","40","10","1","13.038034","0","130"
"/Game/InfinityBladeEffects/Effects/FX_Materials/Mobile/M_Fire_Trans_TilePan_2sided_meshEmit_01.M_Fire_Trans_TilePan_2sided_meshEmit_01","0","40","10","1","13.021959","0","130"
"/Game/InfinityBladeEffects/Effects/FX_Materials/Mobile/M_Fire_Trans_TilePan_2sided_meshEmit.M_Fire_Trans_TilePan_2sided_meshEmit","0","30","10","1","10.340301","0","80"
"/Game/InfinityBladeEffects/Effects/FX_Materials/Mobile/M_Fire_Trans_TilePan_2sided.M_Fire_Trans_TilePan_2sided","0","40","10","1","13.086497","0","130"
"/Game/InfinityBladeEffects/Effects/FX_Materials/Mobile/M_Fire_Trans_DetailMask_2sided.M_Fire_Trans_DetailMask_2sided","0","40","10","1","13.174814","0","130"
"/Game/InfinityBladeEffects/Effects/FX_Materials/Mobile/M_Fire_Add_Tile_2Sided.M_Fire_Add_Tile_2Sided","0","40","10","1","12.655124","0","130"
"/Game/InfinityBladeEffects/Effects/FX_Materials/Mobile/M_CrackedGroundFire.M_CrackedGroundFire","0","16","16","1","5.546341","0","22"
"/Game/InfinityBladeEffects/Effects/FX_Materials/Mobile/M_CombatArea_Base.M_CombatArea_Base","0","24","10","1","8.810130","0","68"
"/Game/InfinityBladeEffects/Effects/FX_Materials/Mobile/M_CandleGlow_2sided.M_CandleGlow_2sided","0","60","11","1","25.351145","0","330"
"/Game/InfinityBladeEffects/Effects/FX_Materials/Mobile/M_BlueSky_Moving.M_BlueSky_Moving","0","2","2","1","0.836529","0","2"
"/Game/InfinityBladeEffects/Effects/FX_Materials/Mobile/M_Blood_Trans_Emissive_02.M_Blood_Trans_Emissive_02","0","24","10","1","9.035236","0","68"
"/Game/InfinityBladeEffects/Effects/FX_Materials/Mobile/M_Blood_Trans_01.M_Blood_Trans_01","0","24","2","1","8.989646","0","72"
"/Game/InfinityBladeEffects/Effects/FX_Materials/Mobile/M_BlobShadow_01.M_BlobShadow_01","0","8","8","1","3.194547","0","8"
"/Game/InfinityBladeEffects/Effects/FX_Materials/Mobile/M_BlastWave_MeshEmit_Trans.M_BlastWave_MeshEmit_Trans","0","24","10","1","9.129730","0","68"
"/Game/InfinityBladeEffects/Effects/FX_Materials/Mobile/M_BladeSwipe04.M_BladeSwipe04","0","30","10","1","10.222503","0","134"
"/Game/InfinityBladeEffects/Effects/FX_Materials/Gradient/M_Impact_IB_SubUV.M_Impact_IB_SubUV","0","24","10","1","8.895672","0","68"
"/Game/InfinityBladeEffects/Effects/FX/M_FogPlane01.M_FogPlane01","0","8","8","1","3.161900","0","8"
"/Game/FPWeapon/Materials/M_FPGun.M_FPGun","0","0","78","1","0.000000","0","0"
"/Game/FirstPerson/Meshes/BaseMaterial.BaseMaterial","0","0","33","1","0.000000","0","0"
"/Game/FirstPerson/Character/Materials/M_UE4Man_Body.M_UE4Man_Body","0","0","78","1","0.000000","0","0"
